Workbook

Sheet SCORECARD
B2: Full Metric Scorecard — by Zone and Product
B3: Zone | C3: Product
B4: Guineo-Congolean | C4: MERRA2
B6: Continuous performance metrics
B7: Metric | C7: Value | D7: Perfect | E7: Interpretation
B8: KGE — Kling-Gupta efficiency | C8: =IFERROR(INDEX(DATA_by_zone!$M:$M,MATCH($B$4&$C$4,DATA_by_zone!$W:$W,0)),"-") -> 0.8031 | D8: 1.0 | E8: Primary ranking metric. Decomposes into r (timing), α (variability), β (bias). <−0.41 = worse than mean.
B9: r — Pearson correlation | C9: =IFERROR(INDEX(DATA_by_zone!$J:$J,MATCH($B$4&$C$4,DATA_by_zone!$W:$W,0)),"-") -> 0.8327 | D9: 1.0 | E9: Seasonal pattern agreement. >0.85 = good. Key for phenology, fire onset, migration.
B10: NSE — Nash-Sutcliffe efficiency | C10: =IFERROR(INDEX(DATA_by_zone!$L:$L,MATCH($B$4&$C$4,DATA_by_zone!$W:$W,0)),"-") -> 0.6778 | D10: 1.0 | E10: Hydrological benchmark. <0 = worse than predicting observed mean.
B11: Bias — mean error (mm/day) | C11: =IFERROR(INDEX(DATA_by_zone!$F:$F,MATCH($B$4&$C$4,DATA_by_zone!$W:$W,0)),"-") -> 0.227 | D11: 0.0 | E11: Positive = product wetter. Useful for water balance applications.
B12: PBIAS — percent bias (%) | C12: =IFERROR(INDEX(DATA_by_zone!$G:$G,MATCH($B$4&$C$4,DATA_by_zone!$W:$W,0)),"-") -> 7.02 | D12: 0% | E12: >±25% indicates significant systematic error. Comparable across zones.
B13: MAE — mean absolute error | C13: =IFERROR(INDEX(DATA_by_zone!$H:$H,MATCH($B$4&$C$4,DATA_by_zone!$W:$W,0)),"-") -> 1.068 | D13: 0.0 | E13: Average error magnitude. Less sensitive to extremes than RMSE.
B14: RMSE — root mean squared error | C14: =IFERROR(INDEX(DATA_by_zone!$I:$I,MATCH($B$4&$C$4,DATA_by_zone!$W:$W,0)),"-") -> 1.513 | D14: 0.0 | E14: Penalises peak errors heavily. Key for flood risk applications.
B15: Categorical detection metrics (1.0 mm/day threshold)
B16: Metric | C16: Value | D16: Perfect | E16: Interpretation
B17: POD — probability of detection | C17: =IFERROR(INDEX(DATA_by_zone!$N:$N,MATCH($B$4&$C$4,DATA_by_zone!$W:$W,0)),"-") -> 0.957 | D17: 1.0 | E17: Fraction of wet months detected. >0.85 = good. Critical for drought early warning.
B18: FAR — false alarm ratio | C18: =IFERROR(INDEX(DATA_by_zone!$O:$O,MATCH($B$4&$C$4,DATA_by_zone!$W:$W,0)),"-") -> 0.0929 | D18: 0.0 | E18: Fraction of wet predictions that were dry. <0.15 = acceptable for fire applications.
B19: CSI — critical success index | C19: =IFERROR(INDEX(DATA_by_zone!$P:$P,MATCH($B$4&$C$4,DATA_by_zone!$W:$W,0)),"-") -> 0.8716 | D19: 1.0 | E19: Combined detection skill. >0.75 = good for conservation planning.
B20: ETS — equitable threat score | C20: =IFERROR(INDEX(DATA_by_zone!$Q:$Q,MATCH($B$4&$C$4,DATA_by_zone!$W:$W,0)),"-") -> 0.4953 | D20: 1.0 | E20: Detection adjusted for chance. >0.3 = meaningful skill. Robust in dry zones.
B21: Freq. bias | C21: =IFERROR(INDEX(DATA_by_zone!$R:$R,MATCH($B$4&$C$4,DATA_by_zone!$W:$W,0)),"-") -> 1.055 | D21: 1.0 | E21: >1 = over-predicts rain frequency. <1 = under-predicts.

Sheet SELECTOR
B2: West Africa Precipitation Product Selector
B3: Auto-generated from validation data · 6 products · 5 zones · 2001–2020
B5: STEP 1 — Select your management context
B6: Management application | C6: Ecological zone | D6: Detection threshold | E6: Uncertainty tolerance
B7: Fire risk monitoring | C7: Sahelian | D7: 1.0 | E7: Low — need high confidence
B9: Changing the application updates metric weights — rankings shift to reflect what matters for that use case. Zone controls which validation data is used.
B11: Active metric weights for selected application
B12: KGE | C12: r | D12: NSE | E12: POD | F12: FAR | G12: CSI | H12: PBIAS
B13: =IFERROR(INDEX(APP_WEIGHTS!$B:$B,MATCH($B$7,APP_WEIGHTS!$A:$A,0)),"") -> 0.1 | C13: =IFERROR(INDEX(APP_WEIGHTS!$C:$C,MATCH($B$7,APP_WEIGHTS!$A:$A,0)),"") -> 0.2 | D13: =IFERROR(INDEX(APP_WEIGHTS!$D:$D,MATCH($B$7,APP_WEIGHTS!$A:$A,0)),"") -> 0.05 | E13: =IFERROR(INDEX(APP_WEIGHTS!$E:$E,MATCH($B$7,APP_WEIGHTS!$A:$A,0)),"") -> 0.15 | F13: =IFERROR(INDEX(APP_WEIGHTS!$F:$F,MATCH($B$7,APP_WEIGHTS!$A:$A,0)),"") -> 0.3 | G13: =IFERROR(INDEX(APP_WEIGHTS!$G:$G,MATCH($B$7,APP_WEIGHTS!$A:$A,0)),"") -> 0.15 | H13: =IFERROR(INDEX(APP_WEIGHTS!$H:$H,MATCH($B$7,APP_WEIGHTS!$A:$A,0)),"") -> 0.05
B14: =IFERROR(INDEX(APP_WEIGHTS!$I:$I,MATCH($B$7,APP_WEIGHTS!$A:$A,0)),"") -> FAR critical — false rain forecast = unpreparedness
B16: STEP 2 — Ranked products (updates with selection)
B17: Rank | C17: Product | D17: Weighted score | E17: KGE | F17: r | G17: POD | H17: FAR | I17: CSI | J17: NSE | K17: PBIAS%
B18: =IF(D18=0,"",RANK(D18,$D$18:$D$23,0)) -> 2 | C18: CHIRPS | D18: =IFERROR(INDEX(SCORES!$D:$D,MATCH($B$7&$C$7&"CHIRPS",SCORES!$E:$E,0)),0) -> 0.9348 | E18: =IFERROR(INDEX(DATA_by_zone!$M:$M,MATCH($C$7&"CHIRPS",DATA_by_zone!$W:$W,0)),"-") -> 0.8567 | F18: =IFERROR(INDEX(DATA_by_zone!$J:$J,MATCH($C$7&"CHIRPS",DATA_by_zone!$W:$W,0)),"-") -> 0.9526 | G18: =IFERROR(INDEX(DATA_by_zone!$N:$N,MATCH($C$7&"CHIRPS",DATA_by_zone!$W:$W,0)),"-") -> 0.931 | H18: =IFERROR(INDEX(DATA_by_zone!$O:$O,MATCH($C$7&"CHIRPS",DATA_by_zone!$W:$W,0)),"-") -> 0.0485 | I18: =IFERROR(INDEX(DATA_by_zone!$P:$P,MATCH($C$7&"CHIRPS",DATA_by_zone!$W:$W,0)),"-") -> 0.8889 | J18: =IFERROR(INDEX(DATA_by_zone!$L:$L,MATCH($C$7&"CHIRPS",DATA_by_zone!$W:$W,0)),"-") -> 0.901 | K18: =IFERROR(INDEX(DATA_by_zone!$G:$G,MATCH($C$7&"CHIRPS",DATA_by_zone!$W:$W,0)),"-") -> -7.43
B19: =IF(D19=0,"",RANK(D19,$D$18:$D$23,0)) -> 6 | C19: ERA5_LAND | D19: =IFERROR(INDEX(SCORES!$D:$D,MATCH($B$7&$C$7&"ERA5_LAND",SCORES!$E:$E,0)),0) -> 0.8615 | E19: =IFERROR(INDEX(DATA_by_zone!$M:$M,MATCH($C$7&"ERA5_LAND",DATA_by_zone!$W:$W,0)),"-") -> 0.6198 | F19: =IFERROR(INDEX(DATA_by_zone!$J:$J,MATCH($C$7&"ERA5_LAND",DATA_by_zone!$W:$W,0)),"-") -> 0.9096 | G19: =IFERROR(INDEX(DATA_by_zone!$N:$N,MATCH($C$7&"ERA5_LAND",DATA_by_zone!$W:$W,0)),"-") -> 0.7996 | H19: =IFERROR(INDEX(DATA_by_zone!$O:$O,MATCH($C$7&"ERA5_LAND",DATA_by_zone!$W:$W,0)),"-") -> 0.0389 | I19: =IFERROR(INDEX(DATA_by_zone!$P:$P,MATCH($C$7&"ERA5_LAND",DATA_by_zone!$W:$W,0)),"-") -> 0.7745 | J19: =IFERROR(INDEX(DATA_by_zone!$L:$L,MATCH($C$7&"ERA5_LAND",DATA_by_zone!$W:$W,0)),"-") -> 0.7747 | K19: =IFERROR(INDEX(DATA_by_zone!$G:$G,MATCH($C$7&"ERA5_LAND",DATA_by_zone!$W:$W,0)),"-") -> -28.74
B20: =IF(D20=0,"",RANK(D20,$D$18:$D$23,0)) -> 1 | C20: GPM_IMERG | D20: =IFERROR(INDEX(SCORES!$D:$D,MATCH($B$7&$C$7&"GPM_IMERG",SCORES!$E:$E,0)),0) -> 0.9556 | E20: =IFERROR(INDEX(DATA_by_zone!$M:$M,MATCH($C$7&"GPM_IMERG",DATA_by_zone!$W:$W,0)),"-") -> 0.9441 | F20: =IFERROR(INDEX(DATA_by_zone!$J:$J,MATCH($C$7&"GPM_IMERG",DATA_by_zone!$W:$W,0)),"-") -> 0.9695 | G20: =IFERROR(INDEX(DATA_by_zone!$N:$N,MATCH($C$7&"GPM_IMERG",DATA_by_zone!$W:$W,0)),"-") -> 0.9806 | H20: =IFERROR(INDEX(DATA_by_zone!$O:$O,MATCH($C$7&"GPM_IMERG",DATA_by_zone!$W:$W,0)),"-") -> 0.0619 | I20: =IFERROR(INDEX(DATA_by_zone!$P:$P,MATCH($C$7&"GPM_IMERG",DATA_by_zone!$W:$W,0)),"-") -> 0.9211 | J20: =IFERROR(INDEX(DATA_by_zone!$L:$L,MATCH($C$7&"GPM_IMERG",DATA_by_zone!$W:$W,0)),"-") -> 0.9396 | K20: =IFERROR(INDEX(DATA_by_zone!$G:$G,MATCH($C$7&"GPM_IMERG",DATA_by_zone!$W:$W,0)),"-") -> 1.98
B21: =IF(D21=0,"",RANK(D21,$D$18:$D$23,0)) -> 5 | C21: MERRA2 | D21: =IFERROR(INDEX(SCORES!$D:$D,MATCH($B$7&$C$7&"MERRA2",SCORES!$E:$E,0)),0) -> 0.907 | E21: =IFERROR(INDEX(DATA_by_zone!$M:$M,MATCH($C$7&"MERRA2",DATA_by_zone!$W:$W,0)),"-") -> 0.8428 | F21: =IFERROR(INDEX(DATA_by_zone!$J:$J,MATCH($C$7&"MERRA2",DATA_by_zone!$W:$W,0)),"-") -> 0.917 | G21: =IFERROR(INDEX(DATA_by_zone!$N:$N,MATCH($C$7&"MERRA2",DATA_by_zone!$W:$W,0)),"-") -> 0.9353 | H21: =IFERROR(INDEX(DATA_by_zone!$O:$O,MATCH($C$7&"MERRA2",DATA_by_zone!$W:$W,0)),"-") -> 0.1014 | I21: =IFERROR(INDEX(DATA_by_zone!$P:$P,MATCH($C$7&"MERRA2",DATA_by_zone!$W:$W,0)),"-") -> 0.846 | J21: =IFERROR(INDEX(DATA_by_zone!$L:$L,MATCH($C$7&"MERRA2",DATA_by_zone!$W:$W,0)),"-") -> 0.8383 | K21: =IFERROR(INDEX(DATA_by_zone!$G:$G,MATCH($C$7&"MERRA2",DATA_by_zone!$W:$W,0)),"-") -> -4.73
B22: =IF(D22=0,"",RANK(D22,$D$18:$D$23,0)) -> 4 | C22: PERSIANN_CDR | D22: =IFERROR(INDEX(SCORES!$D:$D,MATCH($B$7&$C$7&"PERSIANN_CDR",SCORES!$E:$E,0)),0) -> 0.9245 | E22: =IFERROR(INDEX(DATA_by_zone!$M:$M,MATCH($C$7&"PERSIANN_CDR",DATA_by_zone!$W:$W,0)),"-") -> 0.9045 | F22: =IFERROR(INDEX(DATA_by_zone!$J:$J,MATCH($C$7&"PERSIANN_CDR",DATA_by_zone!$W:$W,0)),"-") -> 0.9329 | G22: =IFERROR(INDEX(DATA_by_zone!$N:$N,MATCH($C$7&"PERSIANN_CDR",DATA_by_zone!$W:$W,0)),"-") -> 0.9461 | H22: =IFERROR(INDEX(DATA_by_zone!$O:$O,MATCH($C$7&"PERSIANN_CDR",DATA_by_zone!$W:$W,0)),"-") -> 0.0854 | I22: =IFERROR(INDEX(DATA_by_zone!$P:$P,MATCH($C$7&"PERSIANN_CDR",DATA_by_zone!$W:$W,0)),"-") -> 0.8693 | J22: =IFERROR(INDEX(DATA_by_zone!$L:$L,MATCH($C$7&"PERSIANN_CDR",DATA_by_zone!$W:$W,0)),"-") -> 0.8696 | K22: =IFERROR(INDEX(DATA_by_zone!$G:$G,MATCH($C$7&"PERSIANN_CDR",DATA_by_zone!$W:$W,0)),"-") -> 3.51
B23: =IF(D23=0,"",RANK(D23,$D$18:$D$23,0)) -> 3 | C23: TERRACLIMATE | D23: =IFERROR(INDEX(SCORES!$D:$D,MATCH($B$7&$C$7&"TERRACLIMATE",SCORES!$E:$E,0)),0) -> 0.9334 | E23: =IFERROR(INDEX(DATA_by_zone!$M:$M,MATCH($C$7&"TERRACLIMATE",DATA_by_zone!$W:$W,0)),"-") -> 0.9314 | F23: =IFERROR(INDEX(DATA_by_zone!$J:$J,MATCH($C$7&"TERRACLIMATE",DATA_by_zone!$W:$W,0)),"-") -> 0.9437 | G23: =IFERROR(INDEX(DATA_by_zone!$N:$N,MATCH($C$7&"TERRACLIMATE",DATA_by_zone!$W:$W,0)),"-") -> 0.9526 | H23: =IFERROR(INDEX(DATA_by_zone!$O:$O,MATCH($C$7&"TERRACLIMATE",DATA_by_zone!$W:$W,0)),"-") -> 0.083 | I23: =IFERROR(INDEX(DATA_by_zone!$P:$P,MATCH($C$7&"TERRACLIMATE",DATA_by_zone!$W:$W,0)),"-") -> 0.877 | J23: =IFERROR(INDEX(DATA_by_zone!$L:$L,MATCH($C$7&"TERRACLIMATE",DATA_by_zone!$W:$W,0)),"-") -> 0.8903 | K23: =IFERROR(INDEX(DATA_by_zone!$G:$G,MATCH($C$7&"TERRACLIMATE",DATA_by_zone!$W:$W,0)),"-") -> -0.64
B25: STEP 3 — Zone context & cautions
B26: Saharian | C26: Hyperarid. FAR unstable at any threshold. Use MERRA-2 or PERSIANN-CDR. Never rely on absolute PBIAS alone.
B27: Sahelian | C27: Unimodal wet season Jul-Sep. GPM-IMERG leads on KGE. Report threshold sensitivity in publications.
B28: Soudanian | C28: Reliable rainfall. CHIRPS and GPM-IMERG consistently strong. Safe for hydrological modelling.
B29: Guinean | C29: Bimodal Jun+Oct. Most products overestimate magnitude. Prioritise r over KGE. Avoid TerraClimate for absolutes.
B30: Guineo-Congolean | C30: High-rainfall equatorial. GPM-IMERG best KGE. TerraClimate severely overestimates — avoid for water balance.
B31: All West Africa | C31: Pooled across 16 stations and 5 zones. GPM-IMERG leads overall. Zone-specific selection always preferred.
B34: Detection metrics at selected threshold — all products
B35: Product | C35: POD | D35: FAR | E35: CSI | F35: ETS | G35: Freq.bias
B36: CHIRPS | C36: =IFERROR(INDEX(DATA_threshold!$D:$D,MATCH(TEXT($D$7,"0.0")&$C$7&"CHIRPS",DATA_threshold!$I:$I,0)),"-") -> 0.931 | D36: =IFERROR(INDEX(DATA_threshold!$E:$E,MATCH(TEXT($D$7,"0.0")&$C$7&"CHIRPS",DATA_threshold!$I:$I,0)),"-") -> 0.0485 | E36: =IFERROR(INDEX(DATA_threshold!$F:$F,MATCH(TEXT($D$7,"0.0")&$C$7&"CHIRPS",DATA_threshold!$I:$I,0)),"-") -> 0.8889 | F36: =IFERROR(INDEX(DATA_threshold!$G:$G,MATCH(TEXT($D$7,"0.0")&$C$7&"CHIRPS",DATA_threshold!$I:$I,0)),"-") -> 0.8261 | G36: =IFERROR(INDEX(DATA_threshold!$H:$H,MATCH(TEXT($D$7,"0.0")&$C$7&"CHIRPS",DATA_threshold!$I:$I,0)),"-") -> 0.9784
B37: ERA5_LAND | C37: =IFERROR(INDEX(DATA_threshold!$D:$D,MATCH(TEXT($D$7,"0.0")&$C$7&"ERA5_LAND",DATA_threshold!$I:$I,0)),"-") -> 0.7996 | D37: =IFERROR(INDEX(DATA_threshold!$E:$E,MATCH(TEXT($D$7,"0.0")&$C$7&"ERA5_LAND",DATA_threshold!$I:$I,0)),"-") -> 0.0389 | E37: =IFERROR(INDEX(DATA_threshold!$F:$F,MATCH(TEXT($D$7,"0.0")&$C$7&"ERA5_LAND",DATA_threshold!$I:$I,0)),"-") -> 0.7745 | F37: =IFERROR(INDEX(DATA_threshold!$G:$G,MATCH(TEXT($D$7,"0.0")&$C$7&"ERA5_LAND",DATA_threshold!$I:$I,0)),"-") -> 0.6725 | G37: =IFERROR(INDEX(DATA_threshold!$H:$H,MATCH(TEXT($D$7,"0.0")&$C$7&"ERA5_LAND",DATA_threshold!$I:$I,0)),"-") -> 0.8319
B38: GPM_IMERG | C38: =IFERROR(INDEX(DATA_threshold!$D:$D,MATCH(TEXT($D$7,"0.0")&$C$7&"GPM_IMERG",DATA_threshold!$I:$I,0)),"-") -> 0.9806 | D38: =IFERROR(INDEX(DATA_threshold!$E:$E,MATCH(TEXT($D$7,"0.0")&$C$7&"GPM_IMERG",DATA_threshold!$I:$I,0)),"-") -> 0.0619 | E38: =IFERROR(INDEX(DATA_threshold!$F:$F,MATCH(TEXT($D$7,"0.0")&$C$7&"GPM_IMERG",DATA_threshold!$I:$I,0)),"-") -> 0.9211 | F38: =IFERROR(INDEX(DATA_threshold!$G:$G,MATCH(TEXT($D$7,"0.0")&$C$7&"GPM_IMERG",DATA_threshold!$I:$I,0)),"-") -> 0.8727 | G38: =IFERROR(INDEX(DATA_threshold!$H:$H,MATCH(TEXT($D$7,"0.0")&$C$7&"GPM_IMERG",DATA_threshold!$I:$I,0)),"-") -> 1.0453
B39: MERRA2 | C39: =IFERROR(INDEX(DATA_threshold!$D:$D,MATCH(TEXT($D$7,"0.0")&$C$7&"MERRA2",DATA_threshold!$I:$I,0)),"-") -> 0.9353 | D39: =IFERROR(INDEX(DATA_threshold!$E:$E,MATCH(TEXT($D$7,"0.0")&$C$7&"MERRA2",DATA_threshold!$I:$I,0)),"-") -> 0.1014 | E39: =IFERROR(INDEX(DATA_threshold!$F:$F,MATCH(TEXT($D$7,"0.0")&$C$7&"MERRA2",DATA_threshold!$I:$I,0)),"-") -> 0.846 | F39: =IFERROR(INDEX(DATA_threshold!$G:$G,MATCH(TEXT($D$7,"0.0")&$C$7&"MERRA2",DATA_threshold!$I:$I,0)),"-") -> 0.7578 | G39: =IFERROR(INDEX(DATA_threshold!$H:$H,MATCH(TEXT($D$7,"0.0")&$C$7&"MERRA2",DATA_threshold!$I:$I,0)),"-") -> 1.0409
B40: PERSIANN_CDR | C40: =IFERROR(INDEX(DATA_threshold!$D:$D,MATCH(TEXT($D$7,"0.0")&$C$7&"PERSIANN_CDR",DATA_threshold!$I:$I,0)),"-") -> 0.9461 | D40: =IFERROR(INDEX(DATA_threshold!$E:$E,MATCH(TEXT($D$7,"0.0")&$C$7&"PERSIANN_CDR",DATA_threshold!$I:$I,0)),"-") -> 0.0854 | E40: =IFERROR(INDEX(DATA_threshold!$F:$F,MATCH(TEXT($D$7,"0.0")&$C$7&"PERSIANN_CDR",DATA_threshold!$I:$I,0)),"-") -> 0.8693 | F40: =IFERROR(INDEX(DATA_threshold!$G:$G,MATCH(TEXT($D$7,"0.0")&$C$7&"PERSIANN_CDR",DATA_threshold!$I:$I,0)),"-") -> 0.7934 | G40: =IFERROR(INDEX(DATA_threshold!$H:$H,MATCH(TEXT($D$7,"0.0")&$C$7&"PERSIANN_CDR",DATA_threshold!$I:$I,0)),"-") -> 1.0345
B41: TERRACLIMATE | C41: =IFERROR(INDEX(DATA_threshold!$D:$D,MATCH(TEXT($D$7,"0.0")&$C$7&"TERRACLIMATE",DATA_threshold!$I:$I,0)),"-") -> 0.9526 | D41: =IFERROR(INDEX(DATA_threshold!$E:$E,MATCH(TEXT($D$7,"0.0")&$C$7&"TERRACLIMATE",DATA_threshold!$I:$I,0)),"-") -> 0.083 | E41: =IFERROR(INDEX(DATA_threshold!$F:$F,MATCH(TEXT($D$7,"0.0")&$C$7&"TERRACLIMATE",DATA_threshold!$I:$I,0)),"-") -> 0.877 | F41: =IFERROR(INDEX(DATA_threshold!$G:$G,MATCH(TEXT($D$7,"0.0")&$C$7&"TERRACLIMATE",DATA_threshold!$I:$I,0)),"-") -> 0.8048 | G41: =IFERROR(INDEX(DATA_threshold!$H:$H,MATCH(TEXT($D$7,"0.0")&$C$7&"TERRACLIMATE",DATA_threshold!$I:$I,0)),"-") -> 1.0388

Sheet README
B2: West Africa Precipitation Decision Tool — README
B3: HOW TO USE
B4: SELECTOR sheet | C4: Main tool. Use the 4 dropdowns to select application, zone, threshold, and uncertainty tolerance. The product ranking and metric values update automatically.
B5: SCORECARD sheet | C5: Select any zone and product to see the complete 13-metric profile with interpretation guidance.
B6: DATA sheets | C6: DATA_by_zone, DATA_overall, DATA_threshold — raw validation outputs. Do not edit these manually.
B7: SCORES sheet | C7: Pre-computed weighted scores for all app × zone × product combinations. Used by SELECTOR formulas.
B8: APP_WEIGHTS sheet | C8: Metric weight profiles per application. Edit these to customise the scoring for your own priorities.
B9: HOW TO REFRESH DATA
B10: After new pipeline run | C10: Replace contents of DATA_by_zone, DATA_overall, DATA_threshold by running: python generate_decision_tool.py
B11: Script reads | C11: DATA_DIR/validation_by_zone.csv, validation_overall.csv, product_ranking_by_zone.csv, threshold_sensitivity.csv
B12: ECOLOGICAL ZONES
B13: Saharian | C13: Hyperarid (<25 mm/yr). 1 station: Nouakchott (WA016). FAR structurally elevated — use with caution.
B14: Sahelian | C14: 200-600 mm/yr. 5 stations: Dakar, Bamako, Ouagadougou, Niamey, Banjul.
B15: Soudanian | C15: 600-1200 mm/yr. 3 stations: Abuja, Conakry, Kano.
B16: Guinean | C16: 1200-2000 mm/yr. 3 stations: Freetown, Monrovia, Kumasi.
B17: Guineo-Congolean | C17: >2000 mm/yr. 4 stations: Accra, Abidjan, Lomé, Cotonou.

Sheet DATA_by_zone
A1: zone_name | B1: product | C1: n_stations | D1: n_station_months | E1: n | F1: bias | G1: pbias | H1: mae | I1: rmse | J1: r | K1: r2 | L1: nse | M1: kge | N1: pod | O1: far | P1: csi | Q1: ets | R1: freq_bias | S1: hits | T1: misses | U1: false_al | V1: correct_neg | W1: LOOKUP_KEY
A2: Saharian | B2: CHIRPS | C2: 1 | D2: 240 | E2: 240 | F2: 0.045 | G2: 16.02 | H2: 0.186 | I2: 0.394 | J2: 0.8332 | K2: 0.6942 | L2: 0.6671 | M2: 0.7681 | N2: 0.8462 | O2: 0.3333 | P2: 0.5946 | Q2: 0.5512 | R2: 1.2692 | S2: 22 | T2: 4 | U2: 11 | V2: 203 | W2: =A2&B2 -> SaharianCHIRPS
A3: Saharian | B3: ERA5_LAND | C3: 1 | D3: 240 | E3: 240 | F3: -0.148 | G3: -52.35 | H3: 0.192 | I3: 0.525 | J3: 0.7015 | K3: 0.4922 | L3: 0.4068 | M3: 0.2206 | N3: 0.3077 | O3: 0.1111 | P3: 0.2963 | Q3: 0.2699 | R3: 0.3462 | S3: 8 | T3: 18 | U3: 1 | V3: 213 | W3: =A3&B3 -> SaharianERA5_LAND
A4: Saharian | B4: GPM_IMERG | C4: 1 | D4: 240 | E4: 240 | F4: 0.085 | G4: 30.22 | H4: 0.139 | I4: 0.326 | J4: 0.9053 | K4: 0.8196 | L4: 0.7711 | M4: 0.6717 | N4: 0.9231 | O4: 0.1429 | P4: 0.8 | Q4: 0.7775 | R4: 1.0769 | S4: 24 | T4: 2 | U4: 4 | V4: 210 | W4: =A4&B4 -> SaharianGPM_IMERG
A5: Saharian | B5: MERRA2 | C5: 1 | D5: 240 | E5: 240 | F5: 0.087 | G5: 30.74 | H5: 0.215 | I5: 0.733 | J5: 0.5916 | K5: 0.3499 | L5: -0.1552 | M5: 0.4119 | N5: 0.7308 | O5: 0.3214 | P5: 0.5429 | Q5: 0.4995 | R5: 1.0769 | S5: 19 | T5: 7 | U5: 9 | V5: 205 | W5: =A5&B5 -> SaharianMERRA2
A6: Saharian | B6: PERSIANN_CDR | C6: 1 | D6: 240 | E6: 240 | F6: 0.04 | G6: 14.12 | H6: 0.151 | I6: 0.34 | J6: 0.8702 | K6: 0.7573 | L6: 0.752 | M6: 0.7896 | N6: 0.8462 | O6: 0.1852 | P6: 0.7097 | Q6: 0.6794 | R6: 1.0385 | S6: 22 | T6: 4 | U6: 5 | V6: 209 | W6: =A6&B6 -> SaharianPERSIANN_CDR
A7: Saharian | B7: TERRACLIMATE | C7: 1 | D7: 240 | E7: 240 | F7: 0.015 | G7: 5.27 | H7: 0.168 | I7: 0.378 | J7: 0.8327 | K7: 0.6935 | L7: 0.6922 | M7: 0.7759 | N7: 0.6538 | O7: 0.3462 | P7: 0.4857 | Q7: 0.4407 | R7: 1 | S7: 17 | T7: 9 | U7: 9 | V7: 205 | W7: =A7&B7 -> SaharianTERRACLIMATE
A8: Sahelian | B8: CHIRPS | C8: 5 | D8: 1200 | E8: 1200 | F8: -0.15 | G8: -7.43 | H8: 0.473 | I8: 1.011 | J8: 0.9526 | K8: 0.9075 | L8: 0.901 | M8: 0.8567 | N8: 0.931 | O8: 0.0485 | P8: 0.8889 | Q8: 0.8261 | R8: 0.9784 | S8: 432 | T8: 32 | U8: 22 | V8: 714 | W8: =A8&B8 -> SahelianCHIRPS
A9: Sahelian | B9: ERA5_LAND | C9: 5 | D9: 1200 | E9: 1200 | F9: -0.581 | G9: -28.74 | H9: 0.774 | I9: 1.525 | J9: 0.9096 | K9: 0.8274 | L9: 0.7747 | M9: 0.6198 | N9: 0.7996 | O9: 0.0389 | P9: 0.7745 | Q9: 0.6725 | R9: 0.8319 | S9: 371 | T9: 93 | U9: 15 | V9: 721 | W9: =A9&B9 -> SahelianERA5_LAND
A10: Sahelian | B10: GPM_IMERG | C10: 5 | D10: 1200 | E10: 1200 | F10: 0.04 | G10: 1.98 | H10: 0.388 | I10: 0.79 | J10: 0.9695 | K10: 0.9399 | L10: 0.9396 | M10: 0.9441 | N10: 0.9806 | O10: 0.0619 | P10: 0.9211 | Q10: 0.8727 | R10: 1.0453 | S10: 455 | T10: 9 | U10: 30 | V10: 706 | W10: =A10&B10 -> SahelianGPM_IMERG
A11: Sahelian | B11: MERRA2 | C11: 5 | D11: 1200 | E11: 1200 | F11: -0.096 | G11: -4.73 | H11: 0.652 | I11: 1.292 | J11: 0.917 | K11: 0.841 | L11: 0.8383 | M11: 0.8428 | N11: 0.9353 | O11: 0.1014 | P11: 0.846 | Q11: 0.7578 | R11: 1.0409 | S11: 434 | T11: 30 | U11: 49 | V11: 687 | W11: =A11&B11 -> SahelianMERRA2
A12: Sahelian | B12: PERSIANN_CDR | C12: 5 | D12: 1200 | E12: 1200 | F12: 0.071 | G12: 3.51 | H12: 0.581 | I12: 1.16 | J12: 0.9329 | K12: 0.8702 | L12: 0.8696 | M12: 0.9045 | N12: 0.9461 | O12: 0.0854 | P12: 0.8693 | Q12: 0.7934 | R12: 1.0345 | S12: 439 | T12: 25 | U12: 41 | V12: 695 | W12: =A12&B12 -> SahelianPERSIANN_CDR
A13: Sahelian | B13: TERRACLIMATE | C13: 5 | D13: 1200 | E13: 1200 | F13: -0.013 | G13: -0.64 | H13: 0.528 | I13: 1.065 | J13: 0.9437 | K13: 0.8906 | L13: 0.8903 | M13: 0.9314 | N13: 0.9526 | O13: 0.083 | P13: 0.877 | Q13: 0.8048 | R13: 1.0388 | S13: 442 | T13: 22 | U13: 40 | V13: 696 | W13: =A13&B13 -> SahelianTERRACLIMATE
... A37: All West Africa | B37: TERRACLIMATE | C37: 16 | D37: 3840 | E37: 3840 | F37: 0.637 | G37: 18.79 | H37: 1.482 | I37: 3.759 | J37: 0.829 | K37: 0.6872 | L37: 0.4345 | M37: 0.595 | N37: 0.9468 | O37: 0.1017 | P37: 0.8551 | Q37: 0.6937 | R37: 1.0541 | S37: 2013 | T37: 113 | U37: 228 | V37: 1486 | W37: =A37&B37 -> All West AfricaTERRACLIMATE

Sheet DATA_overall
A1: product | B1: n | C1: bias | D1: pbias | E1: mae | F1: rmse | G1: r | H1: r2 | I1: nse | J1: kge | K1: pod | L1: far | M1: csi | N1: ets | O1: freq_bias | P1: hits | Q1: misses | R1: false_al | S1: correct_neg
A2: CHIRPS | B2: 3840 | C2: 0.213 | D2: 6.27 | E2: 1.094 | F2: 2.348 | G2: 0.891 | H2: 0.7938 | I2: 0.7793 | J2: 0.8742 | K2: 0.9581 | L2: 0.0914 | M2: 0.8739 | N2: 0.7302 | O2: 1.0546 | P2: 2037 | Q2: 89 | R2: 205 | S2: 1509
A3: ERA5_LAND | B3: 3840 | C3: 0.081 | D3: 2.4 | E3: 1.448 | F3: 2.849 | G3: 0.8436 | H3: 0.7116 | I3: 0.6752 | J3: 0.8382 | K3: 0.9219 | L3: 0.1187 | M3: 0.8201 | N3: 0.6289 | O3: 1.0461 | P3: 1960 | Q3: 166 | R3: 264 | S3: 1450
A4: GPM_IMERG | B4: 3840 | C4: 0.101 | D4: 2.98 | E4: 0.891 | F4: 1.859 | G4: 0.9286 | H4: 0.8624 | I4: 0.8617 | J4: 0.8842 | K4: 0.9732 | L4: 0.0865 | M4: 0.891 | N4: 0.7631 | O4: 1.0654 | P4: 2069 | Q4: 57 | R4: 196 | S4: 1518
A5: MERRA2 | B5: 3840 | C5: -0.174 | D5: -5.14 | E5: 1.529 | F5: 3.649 | G5: 0.7495 | H5: 0.5618 | I5: 0.467 | J5: 0.7384 | K5: 0.9262 | L5: 0.0863 | M5: 0.8516 | N5: 0.6934 | O5: 1.0136 | P5: 1969 | Q5: 157 | R5: 186 | S5: 1528
A6: PERSIANN_CDR | B6: 3840 | C6: -0.177 | D6: -5.23 | E6: 1.141 | F6: 2.534 | G6: 0.8698 | H6: 0.7566 | I6: 0.743 | J6: 0.7208 | K6: 0.9581 | L6: 0.0983 | M6: 0.8675 | N6: 0.7166 | O6: 1.0626 | P6: 2037 | Q6: 89 | R6: 222 | S6: 1492
A7: TERRACLIMATE | B7: 3840 | C7: 0.637 | D7: 18.79 | E7: 1.482 | F7: 3.759 | G7: 0.829 | H7: 0.6872 | I7: 0.4345 | J7: 0.595 | K7: 0.9468 | L7: 0.1017 | M7: 0.8551 | N7: 0.6937 | O7: 1.0541 | P7: 2013 | Q7: 113 | R7: 228 | S7: 1486

Sheet DATA_threshold
A1: threshold | B1: zone | C1: product | D1: pod | E1: far | F1: csi | G1: ets | H1: freq_bias | I1: LOOKUP_KEY
A2: 0.1 | B2: Saharian | C2: CHIRPS | D2: 0.8769 | E2: 0.1857 | F2: 0.7308 | G2: 0.6443 | H2: 1.0769 | I2: =TEXT(A2,"0.0")&B2&C2 -> 0.1SaharianCHIRPS
A3: 0.1 | B3: Saharian | C3: ERA5_LAND | D3: 0.6462 | E3: 0.125 | F3: 0.5915 | G3: 0.5 | H3: 0.7385 | I3: =TEXT(A3,"0.0")&B3&C3 -> 0.1SaharianERA5_LAND
A4: 0.1 | B4: Saharian | C4: GPM_IMERG | D4: 0.9846 | E4: 0.2 | F4: 0.7901 | G4: 0.7135 | H4: 1.2308 | I4: =TEXT(A4,"0.0")&B4&C4 -> 0.1SaharianGPM_IMERG
A5: 0.1 | B5: Saharian | C5: MERRA2 | D5: 0.9385 | E5: 0.2179 | F5: 0.7439 | G5: 0.655 | H5: 1.2 | I5: =TEXT(A5,"0.0")&B5&C5 -> 0.1SaharianMERRA2
A6: 0.1 | B6: Saharian | C6: PERSIANN_CDR | D6: 0.9538 | E6: 0.1733 | F6: 0.7949 | G6: 0.7226 | H6: 1.1538 | I6: =TEXT(A6,"0.0")&B6&C6 -> 0.1SaharianPERSIANN_CDR
A7: 0.1 | B7: Saharian | C7: TERRACLIMATE | D7: 0.8923 | E7: 0.2658 | F7: 0.6744 | G7: 0.5666 | H7: 1.2154 | I7: =TEXT(A7,"0.0")&B7&C7 -> 0.1SaharianTERRACLIMATE
A8: 0.1 | B8: Sahelian | C8: CHIRPS | D8: 0.9632 | E8: 0.0604 | F8: 0.9071 | G8: 0.821 | H8: 1.0251 | I8: =TEXT(A8,"0.0")&B8&C8 -> 0.1SahelianCHIRPS
A9: 0.1 | B9: Sahelian | C9: ERA5_LAND | D9: 0.9264 | E9: 0.0497 | F9: 0.8836 | G9: 0.783 | H9: 0.9749 | I9: =TEXT(A9,"0.0")&B9&C9 -> 0.1SahelianERA5_LAND
A10: 0.1 | B10: Sahelian | C10: GPM_IMERG | D10: 0.9983 | E10: 0.1246 | F10: 0.8741 | G10: 0.7494 | H10: 1.1405 | I10: =TEXT(A10,"0.0")&B10&C10 -> 0.1SahelianGPM_IMERG
A11: 0.1 | B11: Sahelian | C11: MERRA2 | D11: 0.9833 | E11: 0.1811 | F11: 0.8077 | G11: 0.6218 | H11: 1.2007 | I11: =TEXT(A11,"0.0")&B11&C11 -> 0.1SahelianMERRA2
A12: 0.1 | B12: Sahelian | C12: PERSIANN_CDR | D12: 0.9883 | E12: 0.1593 | F12: 0.8324 | G12: 0.6691 | H12: 1.1756 | I12: =TEXT(A12,"0.0")&B12&C12 -> 0.1SahelianPERSIANN_CDR
A13: 0.1 | B13: Sahelian | C13: TERRACLIMATE | D13: 0.9716 | E13: 0.0992 | F13: 0.8776 | G13: 0.7622 | H13: 1.0786 | I13: =TEXT(A13,"0.0")&B13&C13 -> 0.1SahelianTERRACLIMATE
... A145: 2 | B145: All West Africa | C145: TERRACLIMATE | D145: 0.9196 | E145: 0.1275 | F145: 0.8107 | G145: 0.6728 | H145: 1.054 | I145: =TEXT(A145,"0.0")&B145&C145 -> 2.0All West AfricaTERRACLIMATE
A146: 5 | B146: Saharian | C146: CHIRPS | I146: =TEXT(A146,"0.0")&B146&C146 -> 5.0SaharianCHIRPS
A147: 5 | B147: Saharian | C147: ERA5_LAND | I147: =TEXT(A147,"0.0")&B147&C147 -> 5.0SaharianERA5_LAND
A148: 5 | B148: Saharian | C148: GPM_IMERG | I148: =TEXT(A148,"0.0")&B148&C148 -> 5.0SaharianGPM_IMERG
A149: 5 | B149: Saharian | C149: MERRA2 | E149: 1 | F149: 0 | G149: 0 | I149: =TEXT(A149,"0.0")&B149&C149 -> 5.0SaharianMERRA2
A150: 5 | B150: Saharian | C150: PERSIANN_CDR | I150: =TEXT(A150,"0.0")&B150&C150 -> 5.0SaharianPERSIANN_CDR
A151: 5 | B151: Saharian | C151: TERRACLIMATE | I151: =TEXT(A151,"0.0")&B151&C151 -> 5.0SaharianTERRACLIMATE
A152: 5 | B152: Sahelian | C152: CHIRPS | D152: 0.8333 | E152: 0.0811 | F152: 0.7763 | G152: 0.7387 | H152: 0.9069 | I152: =TEXT(A152,"0.0")&B152&C152 -> 5.0SahelianCHIRPS
A153: 5 | B153: Sahelian | C153: ERA5_LAND | D153: 0.6029 | E153: 0.0682 | F153: 0.5775 | G153: 0.5277 | H153: 0.6471 | I153: =TEXT(A153,"0.0")&B153&C153 -> 5.0SahelianERA5_LAND
A154: 5 | B154: Sahelian | C154: GPM_IMERG | D154: 0.9069 | E154: 0.1148 | F154: 0.8114 | G154: 0.7766 | H154: 1.0245 | I154: =TEXT(A154,"0.0")&B154&C154 -> 5.0SahelianGPM_IMERG
A155: 5 | B155: Sahelian | C155: MERRA2 | D155: 0.75 | E155: 0.1 | F155: 0.6923 | G155: 0.646 | H155: 0.8333 | I155: =TEXT(A155,"0.0")&B155&C155 -> 5.0SahelianMERRA2
A156: 5 | B156: Sahelian | C156: PERSIANN_CDR | D156: 0.8873 | E156: 0.1847 | F156: 0.7388 | G156: 0.6912 | H156: 1.0882 | I156: =TEXT(A156,"0.0")&B156&C156 -> 5.0SahelianPERSIANN_CDR
A157: 5 | B157: Sahelian | C157: TERRACLIMATE | D157: 0.8431 | E157: 0.1269 | F157: 0.7511 | G157: 0.7085 | H157: 0.9657 | I157: =TEXT(A157,"0.0")&B157&C157 -> 5.0SahelianTERRACLIMATE
A158: 5 | B158: Soudanian | C158: CHIRPS | D158: 0.9349 | E158: 0.1862 | F158: 0.7701 | G158: 0.6796 | H158: 1.1488 | I158: =TEXT(A158,"0.0")&B158&C158 -> 5.0SoudanianCHIRPS
A159: 5 | B159: Soudanian | C159: ERA5_LAND | D159: 0.8744 | E159: 0.1532 | F159: 0.755 | G159: 0.6661 | H159: 1.0326 | I159: =TEXT(A159,"0.0")&B159&C159 -> 5.0SoudanianERA5_LAND
A160: 5 | B160: Soudanian | C160: GPM_IMERG | D160: 0.9814 | E160: 0.1822 | F160: 0.8053 | G160: 0.7243 | H160: 1.2 | I160: =TEXT(A160,"0.0")&B160&C160 -> 5.0SoudanianGPM_IMERG
A161: 5 | B161: Soudanian | C161: MERRA2 | D161: 0.7535 | E161: 0.1383 | F161: 0.6722 | G161: 0.5727 | H161: 0.8744 | I161: =TEXT(A161,"0.0")&B161&C161 -> 5.0SoudanianMERRA2
A162: 5 | B162: Soudanian | C162: PERSIANN_CDR | D162: 0.9395 | E162: 0.1855 | F162: 0.7739 | G162: 0.6844 | H162: 1.1535 | I162: =TEXT(A162,"0.0")&B162&C162 -> 5.0SoudanianPERSIANN_CDR
A163: 5 | B163: Soudanian | C163: TERRACLIMATE | D163: 0.907 | E163: 0.2073 | F163: 0.7331 | G163: 0.6312 | H163: 1.1442 | I163: =TEXT(A163,"0.0")&B163&C163 -> 5.0SoudanianTERRACLIMATE
... A181: 5 | B181: All West Africa | C181: TERRACLIMATE | D181: 0.8591 | E181: 0.208 | F181: 0.701 | G181: 0.6178 | H181: 1.0847 | I181: =TEXT(A181,"0.0")&B181&C181 -> 5.0All West AfricaTERRACLIMATE

Sheet SCORES
A1: app | B1: zone | C1: product | D1: score | E1: score_key
A2: Fire risk monitoring | B2: All West Africa | C2: CHIRPS | D2: 0.9122 | E2: Fire risk monitoringAll West AfricaCHIRPS
A3: Fire risk monitoring | B3: All West Africa | C3: ERA5_LAND | D3: 0.8816 | E3: Fire risk monitoringAll West AfricaERA5_LAND
A4: Fire risk monitoring | B4: All West Africa | C4: GPM_IMERG | D4: 0.93 | E4: Fire risk monitoringAll West AfricaGPM_IMERG
A5: Fire risk monitoring | B5: All West Africa | C5: MERRA2 | D5: 0.8689 | E5: Fire risk monitoringAll West AfricaMERRA2
A6: Fire risk monitoring | B6: All West Africa | C6: PERSIANN_CDR | D6: 0.8978 | E6: Fire risk monitoringAll West AfricaPERSIANN_CDR
A7: Fire risk monitoring | B7: All West Africa | C7: TERRACLIMATE | D7: 0.865 | E7: Fire risk monitoringAll West AfricaTERRACLIMATE
A8: Fire risk monitoring | B8: Guinean | C8: CHIRPS | D8: 0.887 | E8: Fire risk monitoringGuineanCHIRPS
A9: Fire risk monitoring | B9: Guinean | C9: ERA5_LAND | D9: 0.85 | E9: Fire risk monitoringGuineanERA5_LAND
A10: Fire risk monitoring | B10: Guinean | C10: GPM_IMERG | D10: 0.8948 | E10: Fire risk monitoringGuineanGPM_IMERG
A11: Fire risk monitoring | B11: Guinean | C11: MERRA2 | D11: 0.8214 | E11: Fire risk monitoringGuineanMERRA2
A12: Fire risk monitoring | B12: Guinean | C12: PERSIANN_CDR | D12: 0.8847 | E12: Fire risk monitoringGuineanPERSIANN_CDR
A13: Fire risk monitoring | B13: Guinean | C13: TERRACLIMATE | D13: 0.8286 | E13: Fire risk monitoringGuineanTERRACLIMATE
... A253: Climate trend analysis | B253: Soudanian | C253: TERRACLIMATE | D253: 0.84 | E253: Climate trend analysisSoudanianTERRACLIMATE

Sheet APP_WEIGHTS
A1: Application | B1: kge | C1: r | D1: nse | E1: pod | F1: far | G1: csi | H1: pbias | I1: Primary focus
A2: Fire risk monitoring | B2: 0.1 | C2: 0.2 | D2: 0.05 | E2: 0.15 | F2: 0.3 | G2: 0.15 | H2: 0.05 | I2: FAR critical — false rain forecast = unpreparedness
A3: Wildlife & habitat | B3: 0.25 | C3: 0.2 | D3: 0.15 | E3: 0.15 | F3: 0.1 | G3: 0.1 | H3: 0.05 | I3: KGE + r — habitat depends on magnitude and seasonal pattern
A4: Drought early warning | B4: 0.15 | C4: 0.1 | D4: 0.1 | E4: 0.3 | F4: 0.2 | G4: 0.1 | H4: 0.05 | I4: POD critical — missed dry spell = missed intervention
A5: Flood forecasting | B5: 0.1 | C5: 0.1 | D5: 0.1 | E5: 0.2 | F5: 0.1 | G5: 0.25 | H5: 0.15 | I5: CSI + POD — capturing extreme events matters most
A6: Agricultural planning | B6: 0.2 | C6: 0.25 | D6: 0.15 | E6: 0.15 | F6: 0.1 | G6: 0.1 | H6: 0.05 | I6: r + KGE — seasonal onset and totals equally important
A7: Hydrological modelling | B7: 0.3 | C7: 0.2 | D7: 0.25 | E7: 0.1 | F7: 0.05 | G7: 0.05 | H7: 0.05 | I7: KGE + NSE — standard water balance benchmarks
A8: Climate trend analysis | B8: 0.15 | C8: 0.25 | D8: 0.25 | E8: 0.1 | F8: 0.1 | G8: 0.1 | H8: 0.05 | I8: r + NSE — temporal consistency over absolute accuracy
